gr:category,gr:category,gr:category,gr:category,variations,gr:hasBusinessFunction,gr:hasUnitOfMeasurement,eco:http://www.ebusiness-unibw.org/ontologies/eclass/5.1.4/#,pto:http://www.productontology.org/id/,base_price,duration,,,,,,,,,,,,,,,,,,,,,,,,,,,
Tüm Hizmetler,Kişisel Bakım Hizmetleri,Bronzlaşma,Solaryum,5-Dakika-Komple-Vücut 7-Dakika-Komple-Vücut 10-Dakika-Komple-Vücut 12-Dakika-Komple-Vücut 15-Dakika-Komple-Vücut 20-Dakika-Komple-Vücut 5-Dakika-Dekolte-Yüz 7-Dakika-Dekolte-Yüz 10-Dakika-Dekolte-Yüz 12-Dakika-Dekolte-Yüz 15-Dakika-Dekolte-Yüz 20-Dakika-Dekolte-Yüz,ProvideService,MIN,C_BAC092001-gen,Tanning_bed,0,60,,,,,,,,,,,,,,,,,,,,,,,,,,,
Tüm Hizmetler,Kişisel Bakım Hizmetleri,Bronzlaşma,Sprey Solaryum,Standart-Uygulama,ProvideService,C62,C_BAC092001-gen,Spray_tanning,0,60,,,,,,,,,,,,,,,,,,,,,,,,,,,
Tüm Hizmetler,Kişisel Bakım Hizmetleri,Cilt Bakımı,Göz-Çevresi-Bakımı,Standart-Uygulama,ProvideService,C62,C_BAC092001-gen,Spray_tanning,0,60,,,,,,,,,,,,,,,,,,,,,,,,,,,
Tüm Hizmetler,Kişisel Bakım Hizmetleri,Cilt Bakımı,Klasik-Cilt-Bakımı,Standart-Uygulama,ProvideService,C62,C_BAC092001-gen,Spray_tanning,0,60,,,,,,,,,,,,,,,,,,,,,,,,,,,
Tüm Hizmetler,Kişisel Bakım Hizmetleri,Cilt Bakımı,Nem-Bakımı,Standart-Uygulama,ProvideService,MIN,C_BAC092001-gen,Tanning_bed,0,60,,,,,,,,,,,,,,,,,,,,,,,,,,,
Tüm Hizmetler,Kişisel Bakım Hizmetleri,Dövme,Dövme Sildirme,Kalıcı-Dövme,ProvideService,C62,C_BAC092001-gen,Tattoo_removal,0,60,,,,,,,,,,,,,,,1-Seans-Göbek,1-Seans-Kaş-Üstleri,1-Seans-Göğüs-+-Göbek,1-Seans-Kaş-Ortası,1-Seans-El-Üstleri,1-Seans-Dudak-Üstü,1-Seans-Ayak-Üstleri,ProvideService,C62,C_BAC092001-gen,Laser_hair_removal,15,15
Tüm Hizmetler,Kişisel Bakım Hizmetleri,Dövme,Dövme Yaptırma,Geçici-Dövme Kalıcı-Dövme,ProvideService,C62,C_BAC092001-gen,Temporary_tattoo,0,60,,,,,,,,,,,,,,,1-Seans-Göbek,1-Seans-Kaş-Üstleri,1-Seans-Göğüs-+-Göbek,1-Seans-Kaş-Ortası,1-Seans-El-Üstleri,1-Seans-Dudak-Üstü,1-Seans-Ayak-Üstleri,ProvideService,C62,C_BAC092001-gen,Intense_pulsed_light,15,15
Tüm Hizmetler,Kişisel Bakım Hizmetleri,El ve Ayak Bakımı,Manikür,Standart-Manikür Fransız-Manikürü Erkekler-İçin-Manikür ,ProvideService,C62,C_BAC092001-gen,Manicure,0,60,,,,,,,,,,,,,,,1-Seans-Göbek,1-Seans-Kaş-Üstleri,1-Seans-Göğüs-+-Göbek,1-Seans-Kaş-Ortası,1-Seans-El-Üstleri,1-Seans-Dudak-Üstü,1-Seans-Ayak-Üstleri,ProvideService,C62,C_BAC092001-gen,Hair_removal,15,15
Tüm Hizmetler,Kişisel Bakım Hizmetleri,El ve Ayak Bakımı,Oje,Ayak-Ojesi El-Ojesi Kalıcı-Oje Kalıcı-Oje-Çıkartma,ProvideService,C62,C_BAC092001-gen,Nailpolish,0,60,,,,,,,,,,,,,,,1-Seans-Göbek,1-Seans-Kaş-Üstleri,1-Seans-Göğüs-+-Göbek,1-Seans-Kaş-Ortası,1-Seans-El-Üstleri,1-Seans-Dudak-Üstü,1-Seans-Ayak-Üstleri,ProvideService,C62,C_BAC092001-gen,Hair_removal,15,15
Tüm Hizmetler,Kişisel Bakım Hizmetleri,El ve Ayak Bakımı,Parafin Bakımı,Standart-Uygulama,ProvideService,C62,C_BAC092001-gen,Manicure,0,60,,,,,,,,,,,,,,,,,,,,,,,,,,,
Tüm Hizmetler,Kişisel Bakım Hizmetleri,El ve Ayak Bakımı,Pedikür,Standart-Pedikür Fransız-Pedikürü Erkekler-İçin-Pedikür ,ProvideService,C62,C_BAC092001-gen,Pedicure,0,60,,,,,,,,,,,,,,,,,,,,,,,,,,,
Tüm Hizmetler,Kişisel Bakım Hizmetleri,El ve Ayak Bakımı,Protez Tırnak,Akrilik-Tırnak Dipping-Tırnak Jel-Tırnak Protez-Tırnak-Çıkartma,ProvideService,C62,C_BAC092001-gen,Artificial_nails,0,60,,,,,,,,,,,,,,,,,,,,,,,,,,,
Tüm Hizmetler,Kişisel Bakım Hizmetleri,El ve Ayak Bakımı,Tırnak Süsleme,Standart-Uygulama,ProvideService,C62,C_BAC092001-gen,Nail_art,0,60,,,,,,,,,,,,,,,,,,,,,,,,,,,
Tüm Hizmetler,Kişisel Bakım Hizmetleri,Epilasyon,Ağda,Komple Yarım Kol-Altı Bütün-Kol Yarım-Kol Bütün-Bacak Yarım-Bacak Bikini-Bölgesi Yüz-Bölgesi Kaş-ve-Bıyık Sırt Göbek Göğüs,ProvideService,C62,C_BAC092001-gen,Waxing,0,60,,,,,,,,,,,,,,,,,,,,,,,,,,,
Tüm Hizmetler,Kişisel Bakım Hizmetleri,Epilasyon,Alexandrite Lazer Epilasyon,1-Seans-Tüm-vücut 1-Seans-Çene 1-Seans-Koltuk-Altı 1-Seans-Favoriler 1-Seans-Genital-Bölge 1-Seans-Boyun 1-Seans-Tüm-Bacak 1-Seans-Sakal-Üstleri 1-Seans-Üst-Bacak 1-Seans-Kulaklar 1-Seans-Alt-Bacak 1-Seans-Ense 1-Seans-Bikini-Bölgesi 1-Seans-Omuzlar 1-Seans-Kalçalar 1-Seans-Bel 1-Seans-Tüm-Kol 1-Seans-Omuzlar-+-Bel 1-Seans-Yarım-Kol 1-Seans-Göğüs 1-Seans-Tüm-Yüz 1-Seans-Göbek 1-Seans-Kaş-Üstleri 1-Seans-Göğüs-+-Göbek 1-Seans-Kaş-Ortası 1-Seans-El-Üstleri 1-Seans-Dudak-Üstü 1-Seans-Ayak-Üstleri,ProvideService,C62,C_BAC092001-gen,Laser_hair_removal,15,15,,,,,,,,,,,,,,,,,,,,,,,,,,,
Tüm Hizmetler,Kişisel Bakım Hizmetleri,Epilasyon,IPL Epilasyon,1-Seans-Tüm-vücut 1-Seans-Çene 1-Seans-Koltuk-Altı 1-Seans-Favoriler 1-Seans-Genital-Bölge 1-Seans-Boyun 1-Seans-Tüm-Bacak 1-Seans-Sakal-Üstleri 1-Seans-Üst-Bacak 1-Seans-Kulaklar 1-Seans-Alt-Bacak 1-Seans-Ense 1-Seans-Bikini-Bölgesi 1-Seans-Omuzlar 1-Seans-Kalçalar 1-Seans-Bel 1-Seans-Tüm-Kol 1-Seans-Omuzlar-+-Bel 1-Seans-Yarım-Kol 1-Seans-Göğüs 1-Seans-Tüm-Yüz 1-Seans-Göbek 1-Seans-Kaş-Üstleri 1-Seans-Göğüs-+-Göbek 1-Seans-Kaş-Ortası 1-Seans-El-Üstleri 1-Seans-Dudak-Üstü 1-Seans-Ayak-Üstleri,ProvideService,C62,C_BAC092001-gen,Intense_pulsed_light,15,15,,,,,,,,,,,,,,,,,,,,,,,,,,,
Tüm Hizmetler,Kişisel Bakım Hizmetleri,Epilasyon,İğneli Epilasyon,1-Seans-Tüm-vücut 1-Seans-Çene 1-Seans-Koltuk-Altı 1-Seans-Favoriler 1-Seans-Genital-Bölge 1-Seans-Boyun 1-Seans-Tüm-Bacak 1-Seans-Sakal-Üstleri 1-Seans-Üst-Bacak 1-Seans-Kulaklar 1-Seans-Alt-Bacak 1-Seans-Ense 1-Seans-Bikini-Bölgesi 1-Seans-Omuzlar 1-Seans-Kalçalar 1-Seans-Bel 1-Seans-Tüm-Kol 1-Seans-Omuzlar-+-Bel 1-Seans-Yarım-Kol 1-Seans-Göğüs 1-Seans-Tüm-Yüz 1-Seans-Göbek 1-Seans-Kaş-Üstleri 1-Seans-Göğüs-+-Göbek 1-Seans-Kaş-Ortası 1-Seans-El-Üstleri 1-Seans-Dudak-Üstü 1-Seans-Ayak-Üstleri,ProvideService,C62,C_BAC092001-gen,Hair_removal,15,15,,,,,,,,,,,,,,,,,,,,,,,,,,,
Tüm Hizmetler,Kişisel Bakım Hizmetleri,Epilasyon,Jelli Epilasyon,1-Seans-Tüm-vücut 1-Seans-Çene 1-Seans-Koltuk-Altı 1-Seans-Favoriler 1-Seans-Genital-Bölge 1-Seans-Boyun 1-Seans-Tüm-Bacak 1-Seans-Sakal-Üstleri 1-Seans-Üst-Bacak 1-Seans-Kulaklar 1-Seans-Alt-Bacak 1-Seans-Ense 1-Seans-Bikini-Bölgesi 1-Seans-Omuzlar 1-Seans-Kalçalar 1-Seans-Bel 1-Seans-Tüm-Kol 1-Seans-Omuzlar-+-Bel 1-Seans-Yarım-Kol 1-Seans-Göğüs 1-Seans-Tüm-Yüz 1-Seans-Göbek 1-Seans-Kaş-Üstleri 1-Seans-Göğüs-+-Göbek 1-Seans-Kaş-Ortası 1-Seans-El-Üstleri 1-Seans-Dudak-Üstü 1-Seans-Ayak-Üstleri,ProvideService,C62,C_BAC092001-gen,Hair_removal,15,15,,,,,,,,,,,,,,,,,,,,,,,,,,,
Tüm Hizmetler,Kişisel Bakım Hizmetleri,Epilasyon,Sir,Komple Yarım Kol-Altı Bütün-Kol Yarım-Kol Bütün-Bacak Yarım-Bacak Bikini-Bölgesi Yüz-Bölgesi Kaş-ve-Bıyık Sırt Göbek Göğüs,ProvideService,C62,C_BAC092001-gen,Waxing,0,60,,,,,,,,,,,,,,,,,,,,,,,,,,,
Tüm Hizmetler,Kişisel Bakım Hizmetleri,Kaş Bakımı,Kaş Alma,Standart-Uygulama,ProvideService,C62,C_BAC092001-gen,Eyebrow,0,60,,,,,,,,,,,,,,,,,,,,,,,,,,,
Tüm Hizmetler,Kişisel Bakım Hizmetleri,Kaş Bakımı,Kaş Boyama,Standart-Uygulama,ProvideService,C62,C_BAC092001-gen,Eyebrow,0,60,,,,,,,,,,,,,,,,,,,,,,,,,,,
Tüm Hizmetler,Kişisel Bakım Hizmetleri,Kaş Bakımı,Kaş Dolgu,Standart-Uygulama,ProvideService,C62,C_BAC092001-gen,Eyebrow,0,60,,,,,,,,,,,,,,,,,,,,,,,,,,,
Tüm Hizmetler,Kişisel Bakım Hizmetleri,Kaş Bakımı,Kaş Şekillendirme,Standart-Uygulama,ProvideService,C62,C_BAC092001-gen,Eyebrow,0,60,,,,,,,,,,,,,,,,,,,,,,,,,,,
Tüm Hizmetler,Kişisel Bakım Hizmetleri,Kirpik Bakımı,İpek Kirpik,Tekli-Uygulama 3D-Uygulama Mink-Uygulama Bakım-İşlemi,ProvideService,C62,C_BAC092001-gen,Eyelash_extensions,0,60,,,,,,,,,,,,,,,,,,,,,,,,,,,
Tüm Hizmetler,Kişisel Bakım Hizmetleri,Kirpik Bakımı,Kirpik Boyama,Standart-Uygulama,ProvideService,C62,C_BAC092001-gen,Eyelash,0,60,,,,,,,,,,,,,,,,,,,,,,,,,,,
Tüm Hizmetler,Kişisel Bakım Hizmetleri,Kirpik Bakımı,Kirpik Perması,Standart-Uygulama,ProvideService,C62,C_BAC092001-gen,Eyelash_extensions,0,60,,,,,,,,,,,,,,,,,,,,,,,,,,,
Tüm Hizmetler,Kişisel Bakım Hizmetleri,Makyaj,Kalıcı Makyaj,Dudak-Makyajı Göz-Makyajı Kaş-Makyajı,ProvideService,C62,C_AKG498003-gen,Permanent_makeup,0,60,,,,,,,,,,,,,,,,,,,,,,,,,,,
Tüm Hizmetler,Kişisel Bakım Hizmetleri,Makyaj,Profesyonel Makyaj,Artistik-Makyaj Gece-Makyajı Gelin-Makyajı Gündüz-Makyajı Nişan-Makyajı Plastik-Makyaj Porselen-Makyaj Sahne-Makyajı,ProvideService,C62,C_AKG498003-gen,Cosmetic,0,60,,,,,,,,,,,,,,,,,,,,,,,,,,,
Tüm Hizmetler,Kişisel Bakım Hizmetleri,Masaj,Anti Stres Masajı,Standart-Uygulama,ProvideService,C62,C_AKG498003-gen,Massage,0,60,,,,,,,,,,,,,,,,,,,,,,,,,,,
Tüm Hizmetler,Kişisel Bakım Hizmetleri,Masaj,Çikolata Masajı,Standart-Uygulama,ProvideService,C62,C_AKG498003-gen,Massage,0,60,,,,,,,,,,,,,,,,,,,,,,,,,,,
Tüm Hizmetler,Kişisel Bakım Hizmetleri,Masaj,Klasik Masaj,Standart-Uygulama,ProvideService,C62,C_AKG498003-gen,Massage,0,60,,,,,,,,,,,,,,,,,,,,,,,,,,,
Tüm Hizmetler,Kişisel Bakım Hizmetleri,Masaj,Köpük Masajı,Standart-Uygulama,ProvideService,C62,C_AKG498003-gen,Massage,0,60,,,,,,,,,,,,,,,,,,,,,,,,,,,
Tüm Hizmetler,Kişisel Bakım Hizmetleri,Masaj,Shiatsu Masajı,Standart-Uygulama,ProvideService,C62,C_AKG498003-gen,Massage,0,60,,,,,,,,,,,,,,,,,,,,,,,,,,,
Tüm Hizmetler,Kişisel Bakım Hizmetleri,Masaj,Sıcak Yağ Masajı,Standart-Uygulama,ProvideService,C62,C_AKG498003-gen,Massage,0,60,,,,,,,,,,,,,,,,,,,,,,,,,,,
Tüm Hizmetler,Kişisel Bakım Hizmetleri,Masaj,Spor Masajı,Standart-Uygulama,ProvideService,C62,C_AKG498003-gen,Massage,0,60,,,,,,,,,,,,,,,,,,,,,,,,,,,
Tüm Hizmetler,Kişisel Bakım Hizmetleri,Masaj,Taş Masajı,Standart-Uygulama,ProvideService,C62,C_AKG498003-gen,Massage,0,60,,,,,,,,,,,,,,,,,,,,,,,,,,,
Tüm Hizmetler,Kişisel Bakım Hizmetleri,Masaj,Tedavi Masajı,Standart-Uygulama,ProvideService,C62,C_AKG498003-gen,Massage,0,60,,,,,,,,,,,,,,,,,,,,,,,,,,,
Tüm Hizmetler,Kişisel Bakım Hizmetleri,Piercing,Piercing Delme,Burun Kulak,ProvideService,C62,C_BAC092001-gen,Nose_piercing,0,60,,,,,,,,,,,,,,,,,,,,,,,,,,,
Tüm Hizmetler,Kişisel Bakım Hizmetleri,Piercing,Piercing Uygulama,Burun Dil Göbek Kulak,ProvideService,C62,C_BAC092001-gen,Nose_piercing,0,60,,,,,,,,,,,,,,,,,,,,,,,,,,,
Tüm Hizmetler,Kişisel Bakım Hizmetleri,Saç Bakımı,Keratin Bakım (Brezilya Fönü),Gold Platinum,ProvideService,C62,C_AKG498003-gen,Haircutting,0,60,,,,,,,,,,,,,,,,,,,,,,,,,,,
Tüm Hizmetler,Kişisel Bakım Hizmetleri,Saç Bakımı,Saç Bakım Terapisi,Hızlı-Bakım Detaylı-Bakım,ProvideService,C62,C_AKG498003-gen,Haircutting,0,60,,,,,,,,,,,,,,,,,,,,,,,,,,,
Tüm Hizmetler,Kişisel Bakım Hizmetleri,Saç Boyama,Balyaj,Komple-Balyaj Kısmi-Balyaj,ProvideService,C62,C_AKG498003-gen,Hair_coloring,0,60,,,,,,,,,,,,,,,,,,,,,,,,,,,
Tüm Hizmetler,Kişisel Bakım Hizmetleri,Saç Boyama,Dip Boya,Standart-Dip-Boya Organik-Dip-Boya ,ProvideService,C62,C_AKG498003-gen,Hair_coloring,0,60,,,,,,,,,,,,,,,,,,,,,,,,,,,
Tüm Hizmetler,Kişisel Bakım Hizmetleri,Saç Boyama,Gölge ,Kısa-Saç-İçin Uzun-Saç-İçin,ProvideService,C62,C_AKG498003-gen,Hair_coloring,0,60,,,,,,,,,,,,,,,,,,,,,,,,,,,
Tüm Hizmetler,Kişisel Bakım Hizmetleri,Saç Boyama,Komple Boya,Standart-Komple-Boya Organik-Komple-Boya ,ProvideService,C62,C_AKG498003-gen,Hair_coloring,0,60,,,,,,,,,,,,,,,,,,,,,,,,,,,
Tüm Hizmetler,Kişisel Bakım Hizmetleri,Saç Boyama,Ombre,Kısa-Saç-İçin Uzun-Saç-İçin,ProvideService,C62,C_AKG498003-gen,Hair_coloring,0,60,,,,,,,,,,,,,,,,,,,,,,,,,,,
Tüm Hizmetler,Kişisel Bakım Hizmetleri,Saç Boyama,Renk Değiştirme,Uzun-Saç-İçin-Boya-İle Uzun-Saç-İçin-Dekolerya-İle Kısa-Saç-İçin-Boya-İle Kısa-Saç-İçin-Dekolerya-İle,ProvideService,C62,C_AKG498003-gen,Hair_coloring,0,60,,,,,,,,,,,,,,,,,,,,,,,,,,,
Tüm Hizmetler,Kişisel Bakım Hizmetleri,Saç Boyama,Röfle,Uzun-Saç-İçin-Röfle Kısa-Saç-İçin-Röfle Kısmi-Röfle,ProvideService,C62,C_AKG498003-gen,Hair_coloring,0,60,,,,,,,,,,,,,,,,,,,,,,,,,,,
Tüm Hizmetler,Kişisel Bakım Hizmetleri,Saç Boyama,Rütuş,Kısa-Saç-İçin Uzun-Saç-İçin,ProvideService,C62,C_AKG498003-gen,Hair_coloring,0,60,,,,,,,,,,,,,,,,,,,,,,,,,,,
Tüm Hizmetler,Kişisel Bakım Hizmetleri,Saç Ekleme,Boncuk Saç Kaynak,Doğal-Boncuk Renkli-Boncuk Kaynak-Sökme,ProvideService,C62,C_AKG498003-gen,Hair_coloring,0,60,,,,,,,,,,,,,,,,,,,,,,,,,,,
Tüm Hizmetler,Kişisel Bakım Hizmetleri,Saç Ekleme,Keratin Saç Kaynak,Doğal-Keratin Renkli-Keratin İtalyan-Doğal-Keratin İtalyan-Renkli-Keratin Kaynak-Sökme,ProvideService,C62,C_AKG498003-gen,Hair_coloring,0,60,,,,,,,,,,,,,,,,,,,,,,,,,,,
Tüm Hizmetler,Kişisel Bakım Hizmetleri,Saç Ekleme,Mikro Saç Kaynak,Mikro-Kapsül Mikro-Tube Mikro-Bant Nano Kaynak-Sökme,ProvideService,C62,C_AKG498003-gen,Hair_coloring,0,60,,,,,,,,,,,,,,,,,,,,,,,,,,,
Tüm Hizmetler,Kişisel Bakım Hizmetleri,Saç Ekleme,Mikrojel Saç Kaynak,Doğal-Mikrojel Renkli-Mikrojel Kaynak-Sökme,ProvideService,C62,C_AKG498003-gen,Hair_coloring,0,60,,,,,,,,,,,,,,,,,,,,,,,,,,,
Tüm Hizmetler,Kişisel Bakım Hizmetleri,Saç Ekleme,Organik Saç Kaynak,Doğal-Organik Renkli-Organik Örgü-Düğümü Brezilya-Düğümü Kaynak-Sökme,ProvideService,C62,C_AKG498003-gen,Hair_coloring,0,60,,,,,,,,,,,,,,,,,,,,,,,,,,,
Tüm Hizmetler,Kişisel Bakım Hizmetleri,Saç Kesimi,Bayan Saç Kesimi,Standart-Kesim Özel-Kesim Düzeltme Kahkül Salon-Dışı-Uygulama,ProvideService,C62,C_AKG498003-gen,Haircutting,0,60,,,,,,,,,,,,,,,,,,,,,,,,,,,
Tüm Hizmetler,Kişisel Bakım Hizmetleri,Saç Kesimi,Çocuk Saç Kesimi,Standart-Kesim Özel-Kesim Salon-Dışı-Uygulama,ProvideService,C62,C_AKG498003-gen,Haircutting,0,60,,,,,,,,,,,,,,,,,,,,,,,,,,,
Tüm Hizmetler,Kişisel Bakım Hizmetleri,Saç Kesimi,Erkek Saç Kesimi,Standart-Kesim Özel-Kesim Salon-Dışı-Uygulama,ProvideService,C62,C_AKG498003-gen,Haircutting,0,60,,,,,,,,,,,,,,,,,,,,,,,,,,,
Tüm Hizmetler,Kişisel Bakım Hizmetleri,Saç Şekillendirme,Damat Paketi,Salonda-Uygulama Salon-Dışı-Uygulama,ProvideService,C62,C_AKG498003-gen,Hair_styling,0,60,,,,,,,,,,,,,,,,,,,,,,,,,,,
Tüm Hizmetler,Kişisel Bakım Hizmetleri,Saç Şekillendirme,Damat Saçı,Salonda-Uygulama Salon-Dışı-Uygulama,ProvideService,C62,C_AKG498003-gen,Hair_styling,0,60,,,,,,,,,,,,,,,,,,,,,,,,,,,
Tüm Hizmetler,Kişisel Bakım Hizmetleri,Saç Şekillendirme,Defrize,Kısa-Saç-İçin Uzun-Saç-İçin,ProvideService,C62,C_AKG498003-gen,Hair_styling,0,60,,,,,,,,,,,,,,,,,,,,,,,,,,,
Tüm Hizmetler,Kişisel Bakım Hizmetleri,Saç Şekillendirme,Doğal Dalga,Kısa-Saç-İçin Uzun-Saç-İçin,ProvideService,C62,C_AKG498003-gen,Hair_styling,0,60,,,,,,,,,,,,,,,,,,,,,,,,,,,
Tüm Hizmetler,Kişisel Bakım Hizmetleri,Saç Şekillendirme,Fön,Düz-Fön Burgu-Fön Dalgalı-Fön Erkekler-İçin-Fön,ProvideService,C62,C_AKG498003-gen,Hair_styling,0,60,,,,,,,,,,,,,,,,,,,,,,,,,,,
Tüm Hizmetler,Kişisel Bakım Hizmetleri,Saç Şekillendirme,Gelin Paketi,Salonda-Uygulama Salon-Dışı-Uygulama Tesettür,ProvideService,C62,C_AKG498003-gen,Hair_styling,0,60,,,,,,,,,,,,,,,,,,,,,,,,,,,
Tüm Hizmetler,Kişisel Bakım Hizmetleri,Saç Şekillendirme,Gelin Saçı,Salonda-Uygulama Salon-Dışı-Uygulama Tesettür,ProvideService,C62,C_AKG498003-gen,Hair_styling,0,60,,,,,,,,,,,,,,,,,,,,,,,,,,,
Tüm Hizmetler,Kişisel Bakım Hizmetleri,Saç Şekillendirme,Maşa,Komple-Maşa Kısmi-Maşa,ProvideService,C62,C_AKG498003-gen,Hair_styling,0,60,,,,,,,,,,,,,,,,,,,,,,,,,,,
Tüm Hizmetler,Kişisel Bakım Hizmetleri,Saç Şekillendirme,Mizample,Kısa-Saç-İçin Uzun-Saç-İçin,ProvideService,C62,C_AKG498003-gen,Hair_styling,0,60,,,,,,,,,,,,,,,,,,,,,,,,,,,
Tüm Hizmetler,Kişisel Bakım Hizmetleri,Saç Şekillendirme,Nişan Saçı (Bayan),Salonda-Uygulama Salon-Dışı-Uygulama,ProvideService,C62,C_AKG498003-gen,Hair_styling,0,60,,,,,,,,,,,,,,,,,,,,,,,,,,,
Tüm Hizmetler,Kişisel Bakım Hizmetleri,Saç Şekillendirme,Örgü,Komple Örgü Kısmi Örgü,ProvideService,C62,C_AKG498003-gen,Hair_styling,0,60,,,,,,,,,,,,,,,,,,,,,,,,,,,
Tüm Hizmetler,Kişisel Bakım Hizmetleri,Saç Şekillendirme,Perma,Kısa-Saç-İçin Uzun-Saç-İçin,ProvideService,C62,C_AKG498003-gen,Perm_(hairstyle),0,60,,,,,,,,,,,,,,,,,,,,,,,,,,,
Tüm Hizmetler,Kişisel Bakım Hizmetleri,Saç Şekillendirme,Tarama,Standart-Uygulama,ProvideService,C62,C_AKG498003-gen,Hair_styling,0,60,,,,,,,,,,,,,,,,,,,,,,,,,,,
Tüm Hizmetler,Kişisel Bakım Hizmetleri,Saç Şekillendirme,Topuz,Modern-Topuz Normal-Topuz,ProvideService,C62,C_AKG498003-gen,Hair_styling,0,60,,,,,,,,,,,,,,,,,,,,,,,,,,,
Tüm Hizmetler,Kişisel Bakım Hizmetleri,Saç Yıkama,Yıkama,Bayanlar-İçin Erkekler-İçin,ProvideService,C62,C_AKG498003-gen,Hair_styling,0,60,,,,,,,,,,,,,,,,,,,,,,,,,,,
Tüm Hizmetler,Kişisel Bakım Hizmetleri,Sakal Kesimi,Sakal Traşı,Standart-Uygulama Özel-Uygulama,ProvideService,C62,C_AKG498003-gen,Massage,0,60,,,,,,,,,,,,,,,,,,,,,,,,,,,
Tüm Hizmetler,Sağlık Hizmetleri,Ayak Tedavileri,Ayak-Mantarı,Standart-Tedavi,ProvideService,C62,C_AAB405003-gen,Athlete%27s_foot,15,15,,,,,,,,,,,,,,,,,,,,,,,,,,,
Tüm Hizmetler,Sağlık Hizmetleri,Ayak Tedavileri,Bunyon,Standart-Tedavi,ProvideService,C62,C_AAB405003-gen,Bunion,15,15,,,,,,,,,,,,,,,,,,,,,,,,,,,
Tüm Hizmetler,Sağlık Hizmetleri,Ayak Tedavileri,Çatlak-Topuk,Standart-Tedavi,ProvideService,C62,C_AAB405003-gen,Heel,15,15,,,,,,,,,,,,,,,,,,,,,,,,,,,
Tüm Hizmetler,Sağlık Hizmetleri,Ayak Tedavileri,Diyabetik-Ayak,Standart-Tedavi,ProvideService,C62,C_AAB405003-gen,Podiatry,15,15,,,,,,,,,,,,,,,,,,,,,,,,,,,
Tüm Hizmetler,Sağlık Hizmetleri,Ayak Tedavileri,Nasır,Standart-Tedavi,ProvideService,C62,C_AAB405003-gen,Callus,15,15,,,,,,,,,,,,,,,,,,,,,,,,,,,
Tüm Hizmetler,Sağlık Hizmetleri,Ayak Tedavileri,Siğil,Standart-Tedavi,ProvideService,C62,C_AAB405003-gen,Wart,15,15,,,,,,,,,,,,,,,,,,,,,,,,,,,
Tüm Hizmetler,Sağlık Hizmetleri,Cilt Bakımı,Göz-Çevresi-Bakımı,Standart-Uygulama,ProvideService,C62,C_BAC092001-gen,Spray_tanning,15,15,,,,,,,,,,,,,,,,,,,,,,,,,,,
Tüm Hizmetler,Sağlık Hizmetleri,Cilt Bakımı,Klasik-Cilt-Bakımı,Standart-Uygulama,ProvideService,C62,C_BAC092001-gen,Spray_tanning,15,15,,,,,,,,,,,,,,,,,,,,,,,,,,,
Tüm Hizmetler,Sağlık Hizmetleri,Cilt Bakımı,Kök-Hücre-Bakımı,Standart-Uygulama,ProvideService,MIN,C_BAC092001-gen,Tanning_bed,15,15,,,,,,,,,,,,,,,,,,,,,,,,,,,
Tüm Hizmetler,Sağlık Hizmetleri,Cilt Bakımı,Myolifting,Standart-Uygulama,ProvideService,MIN,C_BAC092001-gen,Tanning_bed,15,15,,,,,,,,,,,,,,,,,,,,,,,,,,,
Tüm Hizmetler,Sağlık Hizmetleri,Cilt Bakımı,Nem-Bakımı,Standart-Uygulama,ProvideService,MIN,C_BAC092001-gen,Tanning_bed,15,15,,,,,,,,,,,,,,,,,,,,,,,,,,,
Tüm Hizmetler,Sağlık Hizmetleri,Cilt Bakımı,Oksijen-Terapi,Standart-Uygulama,ProvideService,MIN,C_BAC092001-gen,Tanning_bed,15,15,,,,,,,,,,,,,,,,,,,,,,,,,,,
Tüm Hizmetler,Sağlık Hizmetleri,Cilt Bakımı,Plasenta-Bakımı,Standart-Uygulama,ProvideService,C62,C_BAC092001-gen,Spray_tanning,15,15,,,,,,,,,,,,,,,,,,,,,,,,,,,
Tüm Hizmetler,Sağlık Hizmetleri,Cilt Bakımı,Radyofrekans,Standart-Uygulama,ProvideService,C62,C_BAC092001-gen,Spray_tanning,15,15,,,,,,,,,,,,,,,,,,,,,,,,,,,
Tüm Hizmetler,Sağlık Hizmetleri,Cilt Bakımı,Yağlı-Cilt-Bakımı,Standart-Uygulama,ProvideService,MIN,C_BAC092001-gen,Tanning_bed,15,15,,,,,,,,,,,,,,,,,,,,,,,,,,,
Tüm Hizmetler,Sağlık Hizmetleri,Cilt Bakımı,Yaşlanma-Karşıtı,Standart-Uygulama,ProvideService,C62,C_BAC092001-gen,Spray_tanning,15,15,,,,,,,,,,,,,,,,,,,,,,,,,,,
Tüm Hizmetler,Sağlık Hizmetleri,Cilt Gençleştirme,Botox,Standart-Uygulama,ProvideService,MIN,C_BAC092001-gen,Tanning_bed,15,15,,,,,,,,,,,,,,,,,,,,,,,,,,,
Tüm Hizmetler,Sağlık Hizmetleri,Cilt Gençleştirme,Dermaterapi,Standart-Uygulama,ProvideService,C62,C_BAC092001-gen,Spray_tanning,15,15,,,,,,,,,,,,,,,,,,,,,,,,,,,
Tüm Hizmetler,Sağlık Hizmetleri,Cilt Gençleştirme,Dolgu-Uygulamaları,Standart-Uygulama,ProvideService,C62,C_BAC092001-gen,Spray_tanning,15,15,,,,,,,,,,,,,,,,,,,,,,,,,,,
Tüm Hizmetler,Sağlık Hizmetleri,Cilt Gençleştirme,Fraksiyonel-Lazer,Standart-Uygulama,ProvideService,MIN,C_BAC092001-gen,Tanning_bed,15,15,,,,,,,,,,,,,,,,,,,,,,,,,,,
Tüm Hizmetler,Sağlık Hizmetleri,Cilt Gençleştirme,Işık-Dolgu,Standart-Uygulama,ProvideService,MIN,C_BAC092001-gen,Tanning_bed,15,15,,,,,,,,,,,,,,,,,,,,,,,,,,,
Tüm Hizmetler,Sağlık Hizmetleri,Cilt Gençleştirme,Kimyasal-Peeling,Standart-Uygulama,ProvideService,MIN,C_BAC092001-gen,Tanning_bed,15,15,,,,,,,,,,,,,,,,,,,,,,,,,,,
Tüm Hizmetler,Sağlık Hizmetleri,Cilt Gençleştirme,Mezolifting,Standart-Uygulama,ProvideService,MIN,C_BAC092001-gen,Tanning_bed,15,15,,,,,,,,,,,,,,,,,,,,,,,,,,,
Tüm Hizmetler,Sağlık Hizmetleri,Cilt Gençleştirme,Prp,Standart-Uygulama,ProvideService,MIN,C_BAC092001-gen,Tanning_bed,15,15,,,,,,,,,,,,,,,,,,,,,,,,,,,
Tüm Hizmetler,Sağlık Hizmetleri,El Tedavileri,Batık-Tırnak,Standart-Tedavi,ProvideService,C62,C_AAB405003-gen,Ingrown_nail,15,15,,,,,,,,,,,,,,,,,,,,,,,,,,,
Tüm Hizmetler,Sağlık Hizmetleri,El Tedavileri,Deforme-Tırnak,Standart-Tedavi,ProvideService,C62,C_AAB405003-gen,Onychodystrophy,15,15,,,,,,,,,,,,,,,,,,,,,,,,,,,
Tüm Hizmetler,Sağlık Hizmetleri,El Tedavileri,Nasır,Standart-Tedavi,ProvideService,C62,C_AAB405003-gen,Callus,15,15,,,,,,,,,,,,,,,,,,,,,,,,,,,
Tüm Hizmetler,Sağlık Hizmetleri,El Tedavileri,Siğil,Standart-Tedavi,ProvideService,C62,C_AAB405003-gen,Wart,15,15,,,,,,,,,,,,,,,,,,,,,,,,,,,
Tüm Hizmetler,Sağlık Hizmetleri,El Tedavileri,Tırnak-Mantarı,Standart-Tedavi,ProvideService,C62,C_AAB405003-gen,Onychomycosis,15,15,,,,,,,,,,,,,,,,,,,,,,,,,,,
Tüm Hizmetler,Sağlık Hizmetleri,El Tedavileri,Tırnak-Yeme,Standart-Tedavi,ProvideService,C62,C_AAB405003-gen,Ingrown_nail,15,15,,,,,,,,,,,,,,,,,,,,,,,,,,,
Tüm Hizmetler,Sağlık Hizmetleri,Leke Tedavisi,Dermaroller,Standart-Tedavi,ProvideService,MIN,C_BAC092001-gen,Tanning_bed,15,15,,,,,,,,,,,,,,,,,,,,,,,,,,,
Tüm Hizmetler,Sağlık Hizmetleri,Leke Tedavisi,Enzim-peeling,Standart-Tedavi,ProvideService,C62,C_BAC092001-gen,Spray_tanning,15,15,,,,,,,,,,,,,,,,,,,,,,,,,,,
Tüm Hizmetler,Sağlık Hizmetleri,Leke Tedavisi,Fraksiyonel-Lazer,Standart-Tedavi,ProvideService,C62,C_BAC092001-gen,Spray_tanning,15,15,,,,,,,,,,,,,,,,,,,,,,,,,,,
Tüm Hizmetler,Sağlık Hizmetleri,Leke Tedavisi,Kimyasal-Peeling,Standart-Tedavi,ProvideService,MIN,C_BAC092001-gen,Tanning_bed,15,15,,,,,,,,,,,,,,,,,,,,,,,,,,,
Tüm Hizmetler,Sağlık Hizmetleri,Leke Tedavisi,Lazerli-Leke-Tedavisi,Standart-Tedavi,ProvideService,C62,C_BAC092001-gen,Spray_tanning,15,15,,,,,,,,,,,,,,,,,,,,,,,,,,,
Tüm Hizmetler,Sağlık Hizmetleri,Leke Tedavisi,PRP-Dermoterapi,Standart-Tedavi,ProvideService,C62,C_BAC092001-gen,Spray_tanning,15,15,,,,,,,,,,,,,,,,,,,,,,,,,,,
Tüm Hizmetler,Sağlık Hizmetleri,Meme Estetiği,Meme-Büyültme,Standart-Uygulama,ProvideService,MIN,C_BAC092001-gen,Tanning_bed,15,15,,,,,,,,,,,,,,,,,,,,,,,,,,,
Tüm Hizmetler,Sağlık Hizmetleri,Meme Estetiği,Meme-Dikleştirme,Standart-Uygulama,ProvideService,MIN,C_BAC092001-gen,Tanning_bed,15,15,,,,,,,,,,,,,,,,,,,,,,,,,,,
Tüm Hizmetler,Sağlık Hizmetleri,Meme Estetiği,Meme-Küçültme,Standart-Uygulama,ProvideService,MIN,C_BAC092001-gen,Tanning_bed,15,15,,,,,,,,,,,,,,,,,,,,,,,,,,,
Tüm Hizmetler,Sağlık Hizmetleri,Meme Estetiği,Memeye-Yağ-Transferi,Standart-Uygulama,ProvideService,MIN,C_BAC092001-gen,Tanning_bed,15,15,,,,,,,,,,,,,,,,,,,,,,,,,,,
Tüm Hizmetler,Sağlık Hizmetleri,Saç Ekimi,FUE-Saç-Ekimi,Standart-Uygulama,ProvideService,C62,C_AAB405003-gen,Hair_transplantation,15,15,,,,,,,,,,,,,,,,,,,,,,,,,,,
Tüm Hizmetler,Sağlık Hizmetleri,Saç Ekimi,PRP-Saç-Ekimi,Standart-Uygulama,ProvideService,C62,C_AAB405003-gen,Hair_transplantation,15,15,,,,,,,,,,,,,,,,,,,,,,,,,,,
Tüm Hizmetler,Sağlık Hizmetleri,Vücut Estetiği,Jinekomasti,Standart-Uygulama,ProvideService,MIN,C_BAC092001-gen,Tanning_bed,15,15,,,,,,,,,,,,,,,,,,,,,,,,,,,
Tüm Hizmetler,Sağlık Hizmetleri,Vücut Estetiği,Karın-Germe,Standart-Uygulama,ProvideService,MIN,C_BAC092001-gen,Tanning_bed,15,15,,,,,,,,,,,,,,,,,,,,,,,,,,,
Tüm Hizmetler,Sağlık Hizmetleri,Vücut Estetiği,Kol-Germe,Standart-Uygulama,ProvideService,MIN,C_BAC092001-gen,Tanning_bed,15,15,,,,,,,,,,,,,,,,,,,,,,,,,,,
Tüm Hizmetler,Sağlık Hizmetleri,Vücut Estetiği,Lipomatik-ve-Liposculpture,Standart-Uygulama,ProvideService,MIN,C_BAC092001-gen,Tanning_bed,15,15,,,,,,,,,,,,,,,,,,,,,,,,,,,
Tüm Hizmetler,Sağlık Hizmetleri,Vücut Estetiği,Vajina-Estetiği,Standart-Uygulama,ProvideService,MIN,C_BAC092001-gen,Tanning_bed,15,15,,,,,,,,,,,,,,,,,,,,,,,,,,,
Tüm Hizmetler,Sağlık Hizmetleri,Yüz Estetiği,Burun-Estetiği,Standart-Uygulama,ProvideService,MIN,C_BAC092001-gen,Tanning_bed,15,15,,,,,,,,,,,,,,,,,,,,,,,,,,,
Tüm Hizmetler,Sağlık Hizmetleri,Yüz Estetiği,Dudak-büyütme,Standart-Uygulama,ProvideService,MIN,C_BAC092001-gen,Tanning_bed,15,15,,,,,,,,,,,,,,,,,,,,,,,,,,,
Tüm Hizmetler,Sağlık Hizmetleri,Yüz Estetiği,Göz-Kapağı-Operasyonu,Standart-Uygulama,ProvideService,MIN,C_BAC092001-gen,Tanning_bed,15,15,,,,,,,,,,,,,,,,,,,,,,,,,,,
Tüm Hizmetler,Sağlık Hizmetleri,Yüz Estetiği,Kaş-Kaldırma,Standart-Uygulama,ProvideService,MIN,C_BAC092001-gen,Tanning_bed,15,15,,,,,,,,,,,,,,,,,,,,,,,,,,,
Tüm Hizmetler,Sağlık Hizmetleri,Yüz Estetiği,Kepçe-Kulak,Standart-Uygulama,ProvideService,MIN,C_BAC092001-gen,Tanning_bed,15,15,,,,,,,,,,,,,,,,,,,,,,,,,,,
Tüm Hizmetler,Sağlık Hizmetleri,Yüz Estetiği,Yağ-Transferi,Standart-Uygulama,ProvideService,MIN,C_BAC092001-gen,Tanning_bed,15,15,,,,,,,,,,,,,,,,,,,,,,,,,,,
Tüm Hizmetler,Sağlık Hizmetleri,Yüz Estetiği,Yüz-Germe-Ameliyatı,Standart-Uygulama,ProvideService,MIN,C_BAC092001-gen,Tanning_bed,15,15,,,,,,,,,,,,,,,,,,,,,,,,,,,
Tüm Hizmetler,Sağlık Hizmetleri,Yüz Tedavileri,Akne-ve-Sivilce,Standart-Tedavi,ProvideService,C62,C_AAB405003-gen,Acne_vulgaris,15,15,,,,,,,,,,,,,,,,,,,,,,,,,,,
